;number_of_clusters;silhouette_score;PCA_silhouette_score
0;2;0.5409935282656533;0.5550578788981995
1;3;0.4651747488232739;0.4921420571009604
2;4;0.4562400112616414;0.48155116638028167
3;5;0.40023660181576654;0.43912793765580677
4;6;0.39752555829889114;0.4423632495335647
5;7;0.37570037032958126;0.4223117009428405
